index	file_name	title	composer	year
8	dataset/xml/26-2.xml	26-2	John Coltrane	1960.0
9	dataset/xml/9.20 Special.xml	9.20 Special	Earl Warren	1941.0
10	dataset/xml/A Beautiful Friendship.xml	A Beautiful Friendship	Donald Kahn	
11	dataset/xml/A Certain Smile.xml	A Certain Smile	Fain-Webster	
12	dataset/xml/A Felicidade.xml	A Felicidade	Antonio-Carlos Jobim	1958.0
13	dataset/xml/A Foggy Day.xml	A Foggy Day	George Gershwin	1937.0
14	dataset/xml/A Kiss To Build A Dream On.xml	A Kiss To Build A Dream On	Kalmar-Ruby-Hammerstein	1935.0
15	dataset/xml/A Little Tear.xml	A Little Tear	Deodato-Valle	
16	dataset/xml/A Smooth One.xml	A Smooth One	Benny Goodman	
17	dataset/xml/A Sound For Sore Ears.xml	A Sound For Sore Ears	Jimmy Heath	
18	dataset/xml/A Time For Love.xml	A Time For Love	Johnny Mandel	1966.0
19	dataset/xml/A Tisket A Tasket.xml	A Tisket A Tasket	Traditional	
20	dataset/xml/Across The Alley From The Alamo.xml	Across The Alley From The Alamo	Joe Greene	1946.0
21	dataset/xml/African Queen, The.xml	African Queen, The	Horace Silver	1965.0
22	dataset/xml/Afro Centric.xml	Afro Centric	Joe Henderson	
0	dataset/xml/After You.xml	After You	Cole Porter	1932.0
23	dataset/xml/Again.xml	Again	Lionel Newman	
24	dataset/xml/Ahmid-6.xml	Ahmid-6	Pat Metheny	
25	dataset/xml/Ain't She Sweet.xml	Ain't She Sweet	Milton Ager	1927.0
26	dataset/xml/Alexander's Ragtime Band.xml	Alexander's Ragtime Band	Irving Berlin	1911.0
27	dataset/xml/All About Ronnie.xml	All About Ronnie	Joe Greene	
28	dataset/xml/All Chords.xml	All Chords	Unknown Composer	
29	dataset/xml/All God's Chillun Got Rhythm.xml	All God's Chillun Got Rhythm	Kahn-Kaper	1937.0
30	dataset/xml/All Through The Day.xml	All Through The Day	Kern-Hammerstein	1946.0
31	dataset/xml/All Through The Night.xml	All Through The Night	Cole Porter	1934.0
32	dataset/xml/All Too Soon.xml	All Too Soon	Duke Ellington	1940.0
33	dataset/xml/Almost Like Being In Love.xml	Almost Like Being In Love	Frederick Loewe	1947.0
34	dataset/xml/Alone Together.xml	Alone Together	Arthur Schwartz	1932.0
1	dataset/xml/Always And Forever.xml	Always And Forever	Pat Metheny	
35	dataset/xml/Am I Blue.xml	Am I Blue	Harry Akst	1929.0
36	dataset/xml/And On The Third Day.xml	And On The Third Day	Michael Gibbs	
37	dataset/xml/And The Angels Sing.xml	And The Angels Sing	Ziggy Elman	1939.0
38	dataset/xml/Anything Goes.xml	Anything Goes	Cole Porter	1934.0
39	dataset/xml/April.xml	April	Lennie Tristano	
40	dataset/xml/Armando's Rhumba.xml	Armando's Rhumba	Chick Corea	
41	dataset/xml/As Time Goes By.xml	As Time Goes By	Herman Hupfeld	1931.0
42	dataset/xml/At Last.xml	At Last	Harry Warren	1941.0
43	dataset/xml/Autumn Nocturne.xml	Autumn Nocturne	Gannon-Myrow	
44	dataset/xml/Backstage Sally.xml	Backstage Sally	Wayne Shorter	
45	dataset/xml/Balance, The.xml	Balance, The	Dave Holland	
46	dataset/xml/Ballade.xml	Ballade	Charlie Parker	
47	dataset/xml/Bat, The.xml	Bat, The	Pat Metheny	
48	dataset/xml/Baubles, Bangles and Beads.xml	Baubles, Bangles and Beads	Borodin-Wright-Forrest	1953.0
49	dataset/xml/Be My Love.xml	Be My Love	Nikolaus Brodszky	1950.0
50	dataset/xml/Beatrice.xml	Beatrice	Sam Rivers	1964.0
51	dataset/xml/Begin The Beguine.xml	Begin The Beguine	Cole Porter	1935.0
52	dataset/xml/Bemsha Swing.xml	Bemsha Swing	Thelonious Monk	1952.0
53	dataset/xml/Benny's Tune.xml	Benny's Tune	Lionel Loueke	
54	dataset/xml/Bess You Is My Woman.xml	Bess You Is My Woman	George Gershwin	1935.0
55	dataset/xml/Best Is Yet To Come (Page 1), The.xml	Best Is Yet To Come (Page 1), The	Cy Coleman	1959.0
56	dataset/xml/Best Is Yet To Come (Page 2), The.xml	Best Is Yet To Come (Page 2), The	Cy Coleman	1959.0
57	dataset/xml/Better Days Ahead.xml	Better Days Ahead	Pat Metheny	
58	dataset/xml/Better Git It In Your Soul.xml	Better Git It In Your Soul	Charles Mingus	
59	dataset/xml/Better Than Anything.xml	Better Than Anything	Loughborough-Wheat	1963.0
60	dataset/xml/Bidin' My Time.xml	Bidin' My Time	George Gershwin	
61	dataset/xml/Bill Bailey.xml	Bill Bailey	Traditional	1902.0
62	dataset/xml/Billy Boy.xml	Billy Boy	Traditional	
63	dataset/xml/Black And Blue.xml	Black And Blue	Fats Waller	1929.0
65	dataset/xml/Blood Count.xml	Blood Count	Billy Strayhorn	1967.0
66	dataset/xml/Blue (And Broken Hearted).xml	Blue (And Broken Hearted)	Leslie-Handman-Clarke	
67	dataset/xml/Blue And Sentimental.xml	Blue And Sentimental	Livingstone-David-Basie	1938.0
68	dataset/xml/Blue Daniel.xml	Blue Daniel	Frank Rosolino	
69	dataset/xml/Blue Lou.xml	Blue Lou	Irving Mills	1933.0
70	dataset/xml/Blue Moon.xml	Blue Moon	Richard Rodgers	1934.0
71	dataset/xml/Blue Sphere.xml	Blue Sphere	Thelonious Monk	1971.0
72	dataset/xml/Blue Turning Grey Over You.xml	Blue Turning Grey Over You	Fats Waller	1929.0
73	dataset/xml/Blueberry Hill.xml	Blueberry Hill	Lewis-Stock-Rose	1940.0
74	dataset/xml/Bluehawk.xml	Bluehawk	Thelonious Monk	1959.0
75	dataset/xml/Blues Five Spot.xml	Blues Five Spot	Thelonious Monk	
76	dataset/xml/Blues In The Night.xml	Blues In The Night	Harold Arlen	1941.0
77	dataset/xml/Boo Boo's Birthday.xml	Boo Boo's Birthday	Thelonious Monk	1967.0
78	dataset/xml/Bourbon Street Parade.xml	Bourbon Street Parade	Paul Barbarin	1949.0
79	dataset/xml/Boy Next Door, The.xml	Boy Next Door, The	Martin-Blane	1944.0
80	dataset/xml/Brazilian Like.xml	Brazilian Like	Michel Petrucciani	
81	dataset/xml/Brazilian Suite.xml	Brazilian Suite	Michel Petrucciani	
82	dataset/xml/Bright Mississippi.xml	Bright Mississippi	Thelonious Monk	
83	dataset/xml/Brother Can You Spare A Dime.xml	Brother Can You Spare A Dime	Yarburg-Gorney	1932.0
84	dataset/xml/Brotherhood Of Man.xml	Brotherhood Of Man	Frank Loesser	
85	dataset/xml/But Not For Me.xml	But Not For Me	George Gershwin	1930.0
86	dataset/xml/Butch And Butch.xml	Butch And Butch	Oliver Nelson	
87	dataset/xml/Butterfly Dreams.xml	Butterfly Dreams	Stanley Clarke	
88	dataset/xml/Bye Bye Blues.xml	Bye Bye Blues	Hamm-Bennett-Lown-Gray	1925.0
89	dataset/xml/Bye-Ya.xml	Bye-Ya	Thelonious Monk	
90	dataset/xml/C.T.A..xml	C.T.A.	Jimmy Heath	
91	dataset/xml/Cabin in the Sky.xml	Cabin in the Sky	Vernon Duke	1940.0
92	dataset/xml/Can't We Be Friends.xml	Can't We Be Friends	Swift-James	1929.0
93	dataset/xml/Cantaloupe Island.xml	Cantaloupe Island	Herbie Hancock	1964.0
94	dataset/xml/Catch Me.xml	Catch Me	Joe Pass	1963.0
95	dataset/xml/Charleston, The.xml	Charleston, The	James Johnson	1923.0
96	dataset/xml/Chase, The.xml	Chase, The	Dexter Gordon	1970.0
97	dataset/xml/Cheers.xml	Cheers	Howard McGhee	
98	dataset/xml/Chucho.xml	Chucho	Paquito D'Rivera	
99	dataset/xml/Close Enough For Love.xml	Close Enough For Love	Mandel-Williams	1979.0
100	dataset/xml/Come Back To Me.xml	Come Back To Me	Alan Lerner, Burton Lane	1965.0
101	dataset/xml/Comes Love.xml	Comes Love	Brown-Stept-Tobias	1939.0
102	dataset/xml/Comrade Conrad.xml	Comrade Conrad	Bill Evans	1971.0
103	dataset/xml/Confessin' (That I Love You).xml	Confessin' (That I Love You)	Daugherty-Neiberg-Reynolds	1929.0
104	dataset/xml/Cool One, The.xml	Cool One, The	Benny Golson	
105	dataset/xml/Country.xml	Country	Keith Jarrett	
106	dataset/xml/Crazy Rhythm.xml	Crazy Rhythm	Wolfe-Kahn-Meyer	1928.0
107	dataset/xml/Crepuscule With Nellie.xml	Crepuscule With Nellie	Thelonious Monk	1957.0
108	dataset/xml/Crisis.xml	Crisis	Freddie Hubbard	
2	dataset/xml/Crosscurrent.xml	Crosscurrent	Lennie Tristano	
109	dataset/xml/Cyclic Episode.xml	Cyclic Episode	Sam Rivers	
110	dataset/xml/Cynthia's In Love.xml	Cynthia's In Love	Owens-White-Gish	
111	dataset/xml/Dancing In The Dark.xml	Dancing In The Dark	Arthur Schwartz	1931.0
112	dataset/xml/Danny Boy.xml	Danny Boy	Traditional	
113	dataset/xml/Day Dreaming.xml	Day Dreaming	Jerome Kern	
114	dataset/xml/Day In, Day Out.xml	Day In, Day Out	Rube Bloom	1939.0
115	dataset/xml/Daybreak.xml	Daybreak	Adamson-Grofe	1925.0
116	dataset/xml/Days Of Wine And Roses.xml	Days Of Wine And Roses	Henry Mancini	1962.0
117	dataset/xml/Dear Lord.xml	Dear Lord	John Coltrane	1965.0
118	dataset/xml/Decision.xml	Decision	Sonny Rollins	1957.0
120	dataset/xml/Deep Purple.xml	Deep Purple	Peter De-Rose	
119	dataset/xml/Deep Purple.xml	Deep Purple	Peter De-Rose	1957.0
121	dataset/xml/Del Sasser.xml	Del Sasser	Sam Jones	1978.0
122	dataset/xml/Devil May Care.xml	Devil May Care	Dorough-Kirk	1956.0
123	dataset/xml/Diane.xml	Diane	Rapee-pollack	
124	dataset/xml/Dienda.xml	Dienda	Kenny Kirkland	
125	dataset/xml/Diverse.xml	Diverse	Charlie Parker	
126	dataset/xml/Dolphin, The.xml	Dolphin, The	Luiz Eca	
127	dataset/xml/Domingo.xml	Domingo	Benny Golson	
128	dataset/xml/Don't Be That Way.xml	Don't Be That Way	Edgar Sampson	
129	dataset/xml/Don't Fence Me In.xml	Don't Fence Me In	Cole Porter	1934.0
130	dataset/xml/Don't Go To Strangers.xml	Don't Go To Strangers	Kent-Mason-Evans	
131	dataset/xml/Don't Misunderstand.xml	Don't Misunderstand	Gordon Parks	
132	dataset/xml/Down By The Riverside.xml	Down By The Riverside	Traditional	
133	dataset/xml/Down In The Depths.xml	Down In The Depths	Cole Porter	1936.0
134	dataset/xml/Dream.xml	Dream	Johnny Mercer	1944.0
135	dataset/xml/Driftin'.xml	Driftin'	Herbie Hancock	
136	dataset/xml/Duke, The.xml	Duke, The	Dave Brubeck	
137	dataset/xml/Ecaroh.xml	Ecaroh	Horace Silver	
138	dataset/xml/Eiderdown.xml	Eiderdown	Steve Swallow	
139	dataset/xml/El Cajon.xml	El Cajon	Johnny Mandel	
140	dataset/xml/Embraceable You.xml	Embraceable You	George Gershwin	1928.0
141	dataset/xml/Emily.xml	Emily	Johnny Mandel	1964.0
142	dataset/xml/Eronel.xml	Eronel	Thelonious Monk	1951.0
143	dataset/xml/Eternal Triangle.xml	Eternal Triangle	Sonny Stitt	
144	dataset/xml/Everybody's Song But My Own.xml	Everybody's Song But My Own	Kenny Wheeler	
145	dataset/xml/Everything I've Got Belongs To You.xml	Everything I've Got Belongs To You	Rodgers-Hart	
146	dataset/xml/Evidence.xml	Evidence	Thelonious Monk	1948.0
147	dataset/xml/Fantasy in D (or Ugetsu).xml	Fantasy in D (or Ugetsu)	Cedar Walton	
148	dataset/xml/Fascinating Rhythm.xml	Fascinating Rhythm	George Gershwin	1924.0
149	dataset/xml/Fascination.xml	Fascination	Fernando-Dante Marchetti	
150	dataset/xml/Favela.xml	Favela	Antonio-Carlos Jobim	1962.0
151	dataset/xml/Fine And Dandy.xml	Fine And Dandy	Kay Swift	1930.0
152	dataset/xml/Flamingo.xml	Flamingo	Ted Grouya	1940.0
153	dataset/xml/Flintstones.xml	Flintstones	Hoyt Curtain	
154	dataset/xml/Fools Rush In.xml	Fools Rush In	Rube Bloom	1940.0
155	dataset/xml/For Jan.xml	For Jan	Kenny Wheeler	
156	dataset/xml/For Minors Only.xml	For Minors Only	Jimmy Heath	
157	dataset/xml/For Once In My Life.xml	For Once In My Life	Orlando Murden	1965.0
158	dataset/xml/For You, For Me, For Evermore.xml	For You, For Me, For Evermore	George Gershwin	1936.0
159	dataset/xml/Forever Sonny.xml	Forever Sonny	Jimmy Heath	
160	dataset/xml/Four In One.xml	Four In One	Thelonious Monk	1951.0
161	dataset/xml/Friday The 13th.xml	Friday The 13th	Thelonious Monk	1953.0
162	dataset/xml/Funk In Deep Freeze.xml	Funk In Deep Freeze	Hank Mobley	1957.0
163	dataset/xml/Gallop's Gallop.xml	Gallop's Gallop	Thelonious Monk	1955.0
164	dataset/xml/Gary's Notebook.xml	Gary's Notebook	Lee Morgan	1964.0
165	dataset/xml/Gentle Rain, The.xml	Gentle Rain, The	Luiz Bonfa	1965.0
166	dataset/xml/Gentle Wind And Falling Tear.xml	Gentle Wind And Falling Tear	Gary Burton	
167	dataset/xml/Give Me The Simple Life.xml	Give Me The Simple Life	Rube Bloom	1946.0
168	dataset/xml/Godchild.xml	Godchild	George Wallington	
169	dataset/xml/Golden Earring.xml	Golden Earring	Jay Livingston	1947.0
170	dataset/xml/Good Bait.xml	Good Bait	Tadd Dameron	1944.0
171	dataset/xml/Good Life, The.xml	Good Life, The	Sacha Distel	1962.0
172	dataset/xml/Goodbye Pork Pie Hat.xml	Goodbye Pork Pie Hat	Charles Mingus	1959.0
173	dataset/xml/Goodbye.xml	Goodbye	Gordon Jenkins	1935.0
174	dataset/xml/Green Chimneys.xml	Green Chimneys	Thelonious Monk	1966.0
175	dataset/xml/Hallelujah I Just Love Him So.xml	Hallelujah I Just Love Him So	Ray Charles	1956.0
176	dataset/xml/Happiness Is A Thing Called Joe.xml	Happiness Is A Thing Called Joe	Harold Arlen	1943.0
177	dataset/xml/Harlequin.xml	Harlequin	Wayne Shorter	
178	dataset/xml/He's A Tramp.xml	He's A Tramp	Lee-Burke	
179	dataset/xml/Hello Dolly.xml	Hello Dolly	Jerry Herman	1964.0
180	dataset/xml/Hello.xml	Hello	Milt Jackson	
181	dataset/xml/Here's That Sunny Day.xml	Here's That Sunny Day	Barney Kessel	
182	dataset/xml/Here's To Life.xml	Here's To Life	Artie Butler	1992.0
183	dataset/xml/Heyoke.xml	Heyoke	Kenny Wheeler	
184	dataset/xml/Home At Last.xml	Home At Last	Hank Mobley	
185	dataset/xml/Home Cookin'.xml	Home Cookin'	Horace Silver	
186	dataset/xml/Homecoming.xml	Homecoming	Dave Holland	
187	dataset/xml/Hot House.xml	Hot House	Tadd Dameron	1945.0
188	dataset/xml/How About You.xml	How About You	Burton Lane	1941.0
189	dataset/xml/How Little We Know.xml	How Little We Know	Hoagy Carmichael	1944.0
190	dataset/xml/How Long Has This Been Going On.xml	How Long Has This Been Going On	George Gershwin	1928.0
3	dataset/xml/How My Heart Sings.xml	How My Heart Sings	Earl Zindars	
191	dataset/xml/Hungaria.xml	Hungaria	Django Reinhardt	
192	dataset/xml/I Can't Believe...You're In Love....xml	I Can't Believe...You're In Love...	Jimmy McHugh	1926.0
193	dataset/xml/I Cover The Waterfront.xml	I Cover The Waterfront	Johnny Green	1933.0
194	dataset/xml/I Didn't Know About You.xml	I Didn't Know About You	Duke Ellington	1944.0
195	dataset/xml/I Don't Want To Miss Mississippi.xml	I Don't Want To Miss Mississippi	Serger Ellis	
196	dataset/xml/I Fall In Love Too Easily.xml	I Fall In Love Too Easily	Jule Styne	1944.0
197	dataset/xml/I Found A New Baby.xml	I Found A New Baby	Palmer-Williams	1926.0
198	dataset/xml/I Get A Kick Out Of You.xml	I Get A Kick Out Of You	Cole Porter	1934.0
199	dataset/xml/I Got Rhythm.xml	I Got Rhythm	George Gershwin	1930.0
200	dataset/xml/I Guess I'll Have To Change My Plan.xml	I Guess I'll Have To Change My Plan	Arthur Schwartz	1929.0
201	dataset/xml/I Hadn't Anyone Till You.xml	I Hadn't Anyone Till You	Ray Noble	1938.0
202	dataset/xml/I Love Being Here With You.xml	I Love Being Here With You	Bill Schluger, Peggy Lee	
203	dataset/xml/I Loves You Porgy.xml	I Loves You Porgy	George Gershwin	1935.0
204	dataset/xml/I May Be Wrong.xml	I May Be Wrong	Henry Sullivan	1929.0
205	dataset/xml/I Only Have Eyes For You.xml	I Only Have Eyes For You	Harry Warren	1934.0
206	dataset/xml/I See Your Face Before Me.xml	I See Your Face Before Me	Arthur Schwartz	1937.0
207	dataset/xml/I Surrender Dear.xml	I Surrender Dear	Harry Barris	1931.0
208	dataset/xml/I Think Of You.xml	I Think Of You	Elliot-Marcotte	
209	dataset/xml/I Used To Be Color Blind.xml	I Used To Be Color Blind	Irving Berlin	1938.0
210	dataset/xml/I Want To Be Happy.xml	I Want To Be Happy	Vincent Youmans	1925.0
211	dataset/xml/I Want To Talk About You.xml	I Want To Talk About You	Billy Eckstine	
212	dataset/xml/I Was Doing All Right.xml	I Was Doing All Right	George Gershwin	1937.0
213	dataset/xml/I Wish I Knew.xml	I Wish I Knew	Harry Warren	
214	dataset/xml/I'll Never Be The Same.xml	I'll Never Be The Same	Khan-Malneck-Signorelli	1932.0
215	dataset/xml/I'll Only Miss Her When I Think Of Her.xml	I'll Only Miss Her When I Think Of Her	Cahn-VanHeusen	
216	dataset/xml/I'll See You In My Dreams.xml	I'll See You In My Dreams	Jones-Kahn	1924.0
217	dataset/xml/I'm Confessin' That I Love You.xml	I'm Confessin' That I Love You	Reynolds-Daugherty	1930.0
218	dataset/xml/I'm Getting Sentimental Over You.xml	I'm Getting Sentimental Over You	George Bassman	1932.0
219	dataset/xml/I'm Gonna Sit Right Down and Write Myself A Letter.xml	I'm Gonna Sit Right Down and Write Myself A Letter	Fred Ahlert	1935.0
220	dataset/xml/I'm In The Mood For Love.xml	I'm In The Mood For Love	Jimmy McHugh	1935.0
221	dataset/xml/I'm Through With Love.xml	I'm Through With Love	Kahn-Malneck-Livingston	
222	dataset/xml/I've Got A Crush On You.xml	I've Got A Crush On You	George Gershwin	1928.0
223	dataset/xml/Idle Moments.xml	Idle Moments	Grant Green	1965.0
224	dataset/xml/If Ever I Would Leave You.xml	If Ever I Would Leave You	Frederick Loewe	1960.0
225	dataset/xml/If I Could Be With You.xml	If I Could Be With You	James Johnson	1926.0
226	dataset/xml/If I Had You.xml	If I Had You	Campbell-Connelly-Shapiro	1928.0
227	dataset/xml/If I Ruled The World.xml	If I Ruled The World	Leslie Bricusse	1963.0
228	dataset/xml/If There Is Someone Lovelier.xml	If There Is Someone Lovelier	Dietz-Schwartz	
229	dataset/xml/If You Could See Me Now.xml	If You Could See Me Now	Tadd Dameron	1946.0
230	dataset/xml/If You Ever Should Leave.xml	If You Ever Should Leave	Cahn-Chaplin	
231	dataset/xml/In A Shanty In Old Shanty Town.xml	In A Shanty In Old Shanty Town	Little-Siras	1932.0
232	dataset/xml/In The Middle Of A Kiss.xml	In The Middle Of A Kiss	Sam Coslow	
233	dataset/xml/In Your Own Sweet Way.xml	In Your Own Sweet Way	Dave Brubeck	1955.0
234	dataset/xml/Incentive.xml	Incentive	Horace Silver	
235	dataset/xml/Irresistable You.xml	Irresistable You	Gene DePaul	
236	dataset/xml/Is That So.xml	Is That So	Duke Pearson	
237	dataset/xml/Isn't It A Lovely Day (To Be Caught In The Rain).xml	Isn't It A Lovely Day (To Be Caught In The Rain)	Irving Berlin	1935.0
238	dataset/xml/Isn't It A Pity.xml	Isn't It A Pity	George Gershwin	1933.0
239	dataset/xml/It Ain't Necessarily So.xml	It Ain't Necessarily So	George Gershwin	1935.0
240	dataset/xml/It Had To Be You.xml	It Had To Be You	Isham Jones	1924.0
241	dataset/xml/It Was So Good While It Lasted.xml	It Was So Good While It Lasted	Poll-Ackers	
242	dataset/xml/It's A Dance.xml	It's A Dance	Michel Petrucciani	
243	dataset/xml/It's A Raggy Waltz.xml	It's A Raggy Waltz	Dave Brubeck	1961.0
244	dataset/xml/It's Just Talk.xml	It's Just Talk	Pat Metheny	
245	dataset/xml/It's Magic.xml	It's Magic	Jule Styne	1947.0
246	dataset/xml/Jackie-ing.xml	Jackie-ing	Thelonious Monk	1959.0
247	dataset/xml/Jaco.xml	Jaco	Pat Metheny	
248	dataset/xml/Jazz Folk.xml	Jazz Folk	John Abercrombie	
249	dataset/xml/Je Ne Sais Pas.xml	Je Ne Sais Pas	Hampton-Jones	1954.0
250	dataset/xml/Jeannie's Song.xml	Jeannie's Song	Marchel Ivery	
251	dataset/xml/Jeepers Creepers.xml	Jeepers Creepers	Harry Warren	1938.0
252	dataset/xml/Jinrikisha.xml	Jinrikisha	Joe Henderson	
253	dataset/xml/Joker, The.xml	Joker, The	Lee Morgan	
254	dataset/xml/Joshua.xml	Joshua	Victor Feldman	1963
255	dataset/xml/Just Friends.xml	Just Friends	John Klenner	1931
256	dataset/xml/Just In Tune.xml	Just In Tune	John Abercrombie	
257	dataset/xml/Just One Of Those Things.xml	Just One Of Those Things	Cole Porter	1935
258	dataset/xml/Just You, Just Me.xml	Just You, Just Me	Jesse Greer	1929
259	dataset/xml/Keepin' Myself For You.xml	Keepin' Myself For You	Vincent Youmans	
260	dataset/xml/Ko Ko.xml	Ko Ko	Charlie Parker	1945
261	dataset/xml/La Fiesta.xml	La Fiesta	Chick Corea	1972
262	dataset/xml/La Vie En Rose.xml	La Vie En Rose	Louiguy-Piaf	1945
263	dataset/xml/Ladies In Mercedes.xml	Ladies In Mercedes	Steve Swallow	
264	dataset/xml/Lamp Is Low, The.xml	Lamp Is Low, The	DeRose-Shefter	1939
265	dataset/xml/Last Train Home.xml	Last Train Home	Pat Metheny	
266	dataset/xml/Laura.xml	Laura	David Raksin	1945
267	dataset/xml/Laurie.xml	Laurie	Bill Evans	
268	dataset/xml/Leaving.xml	Leaving	Richie Beirach	1976
269	dataset/xml/Lennie-Bird.xml	Lennie-Bird	Lennie Tristano	
270	dataset/xml/Let There Be You.xml	Let There Be You	Young-Cavanaugh	
271	dataset/xml/Let's Call The Whole Thing Off.xml	Let's Call The Whole Thing Off	George Gershwin	1937
272	dataset/xml/Let's Call This.xml	Let's Call This	Thelonious Monk	1953
273	dataset/xml/Let's Do It (Let's Fall In Love).xml	Let's Do It (Let's Fall In Love)	Cole Porter	1928
274	dataset/xml/Li'l Darling.xml	Li'l Darling	Neal Hefti	1957
275	dataset/xml/Light Blue.xml	Light Blue	Thelonious Monk	1957
276	dataset/xml/Ligia.xml	Ligia	Antonio-Carlos Jobim	
277	dataset/xml/Like A Lover.xml	Like A Lover	Dori Caymmi-Nelson Motta	
278	dataset/xml/Lily of The Valley.xml	Lily of The Valley	Traditional	
279	dataset/xml/Little B's Poem.xml	Little B's Poem	Bobby Hutcherson	1966
280	dataset/xml/Little Dancer.xml	Little Dancer	Tom Harrell	
281	dataset/xml/Little Niles.xml	Little Niles	Randy Weston	1958
282	dataset/xml/Little Peace In C For You.xml	Little Peace In C For You	Michel Petrucciani	
283	dataset/xml/Liza.xml	Liza	George Gershwin	1929
4	dataset/xml/Lone Jack (Page 1).xml	Lone Jack (Page 1)	Pat Metheny	1978
5	dataset/xml/Lone Jack (Page 2 - Solos).xml	Lone Jack (Page 2 - Solos)	Pat Metheny	1978
284	dataset/xml/Lonesome Road, The.xml	Lonesome Road, The	Austin-Shilkret	1927
285	dataset/xml/Looking Up.xml	Looking Up	Michel Petrucciani	
286	dataset/xml/Loop, The.xml	Loop, The	Chick Corea	
287	dataset/xml/Lotus Eaters Bittersweet.xml	Lotus Eaters Bittersweet	Billy Strayhorn	
288	dataset/xml/Love For Sale.xml	Love For Sale	Cole Porter	1930
289	dataset/xml/Love Walked In.xml	Love Walked In	George Gershwin	1930
290	dataset/xml/Lullaby In Rhythm.xml	Lullaby In Rhythm	Goodman-Hirsch	
291	dataset/xml/Lulu's Back In Town.xml	Lulu's Back In Town	Harry Warren	1935
292	dataset/xml/Lyresto.xml	Lyresto	Kenny Burrell	
293	dataset/xml/Ma Belle Hélène.xml	Ma Belle Hélène	Kenny Wheeler	1960
294	dataset/xml/Mack The Knife.xml	Mack The Knife	Weill-Brecht	1928
295	dataset/xml/Making Whoopee.xml	Making Whoopee	Walter Donaldson	1928
296	dataset/xml/Man I Love, The.xml	Man I Love, The	George Gershwin	1924
297	dataset/xml/Manoir De Mes Rêves (Django's Castle).xml	Manoir De Mes Rêves (Django's Castle)	Django Reinhardt	
298	dataset/xml/Maybe September.xml	Maybe September	Percy Faith	
299	dataset/xml/Maze, The.xml	Maze, The	Herbie Hancock	
300	dataset/xml/Mc Jolt.xml	Mc Jolt	Richie Beirach	
301	dataset/xml/Midnight Blue.xml	Midnight Blue	Kenny Burrell	1963
302	dataset/xml/Mimosa.xml	Mimosa	George Benson	
303	dataset/xml/Minoat.xml	Minoat	Mal Waldron	1978
304	dataset/xml/Minor Strain.xml	Minor Strain	Bobby Timmons	
305	dataset/xml/Mirror, Mirror.xml	Mirror, Mirror	Corea Chick	
306	dataset/xml/Misterioso.xml	Misterioso	Thelonious Monk	1948
307	dataset/xml/Moments To Remember.xml	Moments To Remember	Robert Allen	1955
308	dataset/xml/Monk's Dream.xml	Monk's Dream	Thelonious Monk	1952
309	dataset/xml/Moon Alley.xml	Moon Alley	Tom Harrell	1985
310	dataset/xml/Moon Mist.xml	Moon Mist	Ellington-Mercer	
311	dataset/xml/Moondance.xml	Moondance	Van Morrison	1970
312	dataset/xml/Moonlight Serenade.xml	Moonlight Serenade	Miller-Parish	1939
313	dataset/xml/Moontrane, The.xml	Moontrane, The	Woody Shaw	1974
314	dataset/xml/More I See You, The.xml	More I See You, The	Harry Warren	1945
315	dataset/xml/Morgan The Pirate.xml	Morgan The Pirate	Lee Morgan	
316	dataset/xml/Morning.xml	Morning	Clare Fischer	1965
317	dataset/xml/My Last Affair.xml	My Last Affair	Haven Johnson	1936
318	dataset/xml/My Little Brown Book.xml	My Little Brown Book	Billy Strayhorn	
319	dataset/xml/My Man's Gone Now.xml	My Man's Gone Now	George Gershwin	1935
320	dataset/xml/My Secret Love.xml	My Secret Love	Roger Vogel	1986
321	dataset/xml/My Song.xml	My Song	Keith Jarrett	1977
322	dataset/xml/Nacada.xml	Nacada	Pat Metheny	1976
323	dataset/xml/Nascimento.xml	Nascimento	Barry Harris	
324	dataset/xml/New Picture.xml	New Picture	Jimmy Heath	1985
325	dataset/xml/New York, New York.xml	New York, New York	John Kander	1977
326	dataset/xml/Nice 'n Easy.xml	Nice 'n Easy	Spence-Bergman-Keith	1960
327	dataset/xml/Nice Work If You Can Get It.xml	Nice Work If You Can Get It	George Gershwin	1937
328	dataset/xml/Nicolette.xml	Nicolette	Kenny Wheeler	
329	dataset/xml/Night And Day.xml	Night And Day	Cole Porter	1932
6	dataset/xml/No Moe.xml	No Moe	Sonny Rollins	
330	dataset/xml/Nothing Personal.xml	Nothing Personal	Don Grolnick	1987
331	dataset/xml/Nutty.xml	Nutty	Thelonious Monk	1954
332	dataset/xml/O Grande Amor.xml	O Grande Amor	Antonio-Carlos Jobim	
333	dataset/xml/Oh! Look At Me Now.xml	Oh! Look At Me Now	DeVries-Bushkin	1941
334	dataset/xml/Oh, Lady Be Good.xml	Oh, Lady Be Good	George Gershwin	1924
335	dataset/xml/Ol' Man River.xml	Ol' Man River	Jerome Kern	1927
336	dataset/xml/Old Folks.xml	Old Folks	Willard Robison	1938
337	dataset/xml/On Broadway.xml	On Broadway	Mann-Weil-Stoller-Leiber	1963
338	dataset/xml/On Green Dolphin Street.xml	On Green Dolphin Street	Bronislau Kaper	1947
339	dataset/xml/On The Trail.xml	On The Trail	Ferde Grofe	1931
340	dataset/xml/Once In A While.xml	Once In A While	Michael Edwards	1937
341	dataset/xml/Once Upon A Summertime (La Valse Des Lilas).xml	Once Upon A Summertime (La Valse Des Lilas)	Legrand-Barclay-Marnay-Mercer	
342	dataset/xml/One I Love (Belongs To Somebody Else), The.xml	One I Love (Belongs To Somebody Else), The	Isham Jones	1924
343	dataset/xml/Onmo.xml	Onmo	Kenny Wheeler	1996
344	dataset/xml/Opener, The.xml	Opener, The	Bill Evans	
345	dataset/xml/Opus De Funk.xml	Opus De Funk	Horace Silver	1953
346	dataset/xml/Orange Colored Sky.xml	Orange Colored Sky	DeLugg-Stein	1950
347	dataset/xml/Our Delight.xml	Our Delight	Tad Dameron	1947
348	dataset/xml/Our Love is Here to Stay.xml	Our Love is Here to Stay	George Gershwin	1938
349	dataset/xml/Over The Rainbow (Somewhere).xml	Over The Rainbow (Somewhere)	Harold Arlen	1939
350	dataset/xml/Palo Alto.xml	Palo Alto	Lee Konitz	1959
351	dataset/xml/Parker's Mood.xml	Parker's Mood	Charlie Parker	1948
352	dataset/xml/Peacocks, The.xml	Peacocks, The	Jimmy Rowles	1975
353	dataset/xml/Pee Wee.xml	Pee Wee	Tony Williams	
354	dataset/xml/Pensativa.xml	Pensativa	Clare Fischer	1962
355	dataset/xml/Perhaps, Perhaps, Perhaps.xml	Perhaps, Perhaps, Perhaps	Farres-Davis	1948
356	dataset/xml/Petit Fleur.xml	Petit Fleur	Sidney Bechet	
357	dataset/xml/Ping Pong.xml	Ping Pong	Wayne Shorter	
358	dataset/xml/Pink Panther, The.xml	Pink Panther, The	Henry Mancini	1963
359	dataset/xml/Played Twice.xml	Played Twice	Thelonious Monk	1959
360	dataset/xml/Portrait Of Jennie.xml	Portrait Of Jennie	Burdge-Robinson	1948
361	dataset/xml/Preacher, The.xml	Preacher, The	Horace Silver	1955
362	dataset/xml/Prism.xml	Prism	Keith Jarrett	1979
363	dataset/xml/Progression.xml	Progression	Lee Konitz	1955
364	dataset/xml/Punjab.xml	Punjab	Joe Henderson	
365	dataset/xml/Puttin' On The Ritz.xml	Puttin' On The Ritz	Irvin Berlin	1927
366	dataset/xml/Quasimodo (Blowing Changes).xml	Quasimodo (Blowing Changes)	Charlie Parker	
367	dataset/xml/Quasimodo (Theme).xml	Quasimodo (Theme)	Charlie Parker	
368	dataset/xml/Questar.xml	Questar	Keith Jarrett	1977
369	dataset/xml/Radio.xml	Radio	Steve Swallow	
370	dataset/xml/Raincheck.xml	Raincheck	Billy Strayhorn	
371	dataset/xml/Recado Bossa Nova.xml	Recado Bossa Nova	Djalma Ferreira	
372	dataset/xml/Relaxin' At Camarillo.xml	Relaxin' At Camarillo	Charlie Parker	1947
373	dataset/xml/Remember.xml	Remember	Irving Berlin	
374	dataset/xml/S' Wonderful.xml	S' Wonderful	George Gershwin	1925
375	dataset/xml/Saga Of Harrison Crabfeathers, The.xml	Saga Of Harrison Crabfeathers, The	Steve Kuhn	
376	dataset/xml/Sail Away.xml	Sail Away	Tom Harrell	1992
377	dataset/xml/San Francisco Holiday.xml	San Francisco Holiday	Thelonious Monk	1959
378	dataset/xml/Satellite.xml	Satellite	John Coltrane	1960
379	dataset/xml/Save Your Love For Me.xml	Save Your Love For Me	Buddy Johnson	1955
380	dataset/xml/Say the Brother's Name.xml	Say the Brother's Name	Pat Metheny	
381	dataset/xml/Scene.xml	Scene	Tom Harrell	
382	dataset/xml/Second Star To The Right, The.xml	Second Star To The Right, The	Sammy Fain	1950
383	dataset/xml/Second Time Around, The.xml	Second Time Around, The	Jimmy Van-Heusen	1960
384	dataset/xml/Secret Love.xml	Secret Love	Sammy Fain	1953
385	dataset/xml/September In The Rain.xml	September In The Rain	Harry Warren	1937
386	dataset/xml/Serenade To A Cuckoo.xml	Serenade To A Cuckoo	Roland Kirk	1965
387	dataset/xml/Serenity.xml	Serenity	Joe Henderson	
388	dataset/xml/Serpent's Tooth.xml	Serpent's Tooth	Miles Davis	
389	dataset/xml/Shadow Of Your Smile, The.xml	Shadow Of Your Smile, The	Johnny Mandel	1965
390	dataset/xml/She's Funny That Way.xml	She's Funny That Way	Charles Daniels	1929
391	dataset/xml/Shiny Stockings.xml	Shiny Stockings	Frank Foster	
392	dataset/xml/Si Si.xml	Si Si	Charlie Parker	
393	dataset/xml/Sid's Delight.xml	Sid's Delight	Tadd Dameron	1949
394	dataset/xml/Since I Fell For You.xml	Since I Fell For You	Buddy Johnson	1945
395	dataset/xml/Skippy.xml	Skippy	Thelonious Monk	1952
396	dataset/xml/Slow Hot Wind.xml	Slow Hot Wind	Henry Mancini	1961
397	dataset/xml/Smile.xml	Smile	Charles Chaplin	1936
398	dataset/xml/Sno' Peas.xml	Sno' Peas	Phil Markowitz	1991
399	dataset/xml/So Many Stars.xml	So Many Stars	Sergio Mendez	
400	dataset/xml/So Tender.xml	So Tender	Keith Jarrett	
401	dataset/xml/Some Enchanted Evening.xml	Some Enchanted Evening	Richard Rodgers	1949
402	dataset/xml/Some Other Time.xml	Some Other Time	Leonard Bernstein	
403	dataset/xml/Someday (You'll Be Sorry).xml	Someday (You'll Be Sorry)	Louis Armstrong	
405	dataset/xml/Someday You'll Be Sorry.xml	Someday You'll Be Sorry	Louis Armstrong	
406	dataset/xml/Someone To Watch Over Me.xml	Someone To Watch Over Me	George Gershwin	1926
407	dataset/xml/Somewhere.xml	Somewhere	Leonard Bernstein	1957
408	dataset/xml/Song For My Lady.xml	Song For My Lady	McCoy Tyner	1973
409	dataset/xml/Sonnymoon For Two.xml	Sonnymoon For Two	Sonny Rollins	
410	dataset/xml/Soon.xml	Soon	George Gershwin	1927
411	dataset/xml/Sound Lee.xml	Sound Lee	Lee Konitz	
412	dataset/xml/Souvenir.xml	Souvenir	Benny Carter	
413	dataset/xml/Spain.xml	Spain	Chick Corea	1971
414	dataset/xml/Spring Is Here.xml	Spring Is Here	Richard Rodgers	1938
415	dataset/xml/Stairway To The Stars.xml	Stairway To The Stars	Matt Maineck	1934
416	dataset/xml/Star Eyes.xml	Star Eyes	Gene DePaul	1943
417	dataset/xml/Stars Fell On Alabama.xml	Stars Fell On Alabama	Frank Perkins	1934
418	dataset/xml/Straight Street.xml	Straight Street	John Coltrane	
419	dataset/xml/Straighten Up And Fly Right.xml	Straighten Up And Fly Right	Cole-Mills	1943
420	dataset/xml/Strangers In The Night.xml	Strangers In The Night	Bert Kaempfert	1966
421	dataset/xml/Street Of Dreams.xml	Street Of Dreams	Victor Young	1932
422	dataset/xml/Strike Up The Band.xml	Strike Up The Band	George Gershwin	1927
423	dataset/xml/Summer Band Camp.xml	Summer Band Camp	Mick Goodrick	
7	dataset/xml/Summer In Central Park.xml	Summer In Central Park	Horace Silver	
424	dataset/xml/Summer Knows, The.xml	Summer Knows, The	Michel Legrand	1971
425	dataset/xml/Summer Serenade.xml	Summer Serenade	Benny Carter	1980
426	dataset/xml/Summer Wind, The.xml	Summer Wind, The	Meyer-Mercer	1965
427	dataset/xml/Summertime.xml	Summertime	George Gershwin	1934
428	dataset/xml/Sun down.xml	Sun down	Wes Montgomery	1966
429	dataset/xml/Sunny.xml	Sunny	Bobby Hebb	1963
430	dataset/xml/Sunshower.xml	Sunshower	Kenny Barron	1977
431	dataset/xml/Sway.xml	Sway	Ruiz-Gimbel	1953
432	dataset/xml/Sweeping Up.xml	Sweeping Up	Steve Swallow	1975
433	dataset/xml/Sweet Georgia Brown.xml	Sweet Georgia Brown	Pinkard-Casey-Bernie	1925
435	dataset/xml/Sweet Lorraine.xml	Sweet Lorraine	Cliff Burwell	1928
436	dataset/xml/Swinging At The Haven.xml	Swinging At The Haven	Ellis Marsalis	
437	dataset/xml/Tadd's Delight.xml	Tadd's Delight	Tadd Dameron	
438	dataset/xml/Taking A Chance On Love.xml	Taking A Chance On Love	Vernon Duke	1940
439	dataset/xml/Tautology.xml	Tautology	Lee Konitz	1950
440	dataset/xml/Tea For Two.xml	Tea For Two	Vincent Youmans	1924
441	dataset/xml/That Old Devil Called Love.xml	That Old Devil Called Love	Doris Fisher	1944
442	dataset/xml/That's All.xml	That's All	Haymes-Brandt	1952
443	dataset/xml/That's Life.xml	That's Life	Kay-Gordon	1963
444	dataset/xml/Thelonious.xml	Thelonious	Thelonious Monk	1947
445	dataset/xml/Them There Eyes.xml	Them There Eyes	Tracy-Tauber-Pinkard	1930
446	dataset/xml/Theme, The.xml	Theme, The	Miles Davis	1960
447	dataset/xml/There's A Lull In My Life.xml	There's A Lull In My Life	Harry Revel	1937
448	dataset/xml/There's No You.xml	There's No You	Hal Hopper	1944
449	dataset/xml/They All Laughed.xml	They All Laughed	George Gershwin	1937
450	dataset/xml/They Can't Take That Away From Me.xml	They Can't Take That Away From Me	George Gershwin	1937
451	dataset/xml/They Say.xml	They Say	Heyman-Mann-Weiss	1938
452	dataset/xml/Think Of One.xml	Think Of One	Thelonious Monk	1953
453	dataset/xml/This Is New.xml	This Is New	Kurt Weill	
454	dataset/xml/This Time The Dream's On Me.xml	This Time The Dream's On Me	Harold Arlen	1941
455	dataset/xml/Thriving From A Riff.xml	Thriving From A Riff	Charlie Parker	1945
456	dataset/xml/Tickle-Toe.xml	Tickle-Toe	Lester Young	
457	dataset/xml/Tiny Capers.xml	Tiny Capers	Clifford Brown	
458	dataset/xml/Tis Autumn.xml	Tis Autumn	Henry Nemo	1941
459	dataset/xml/Tokyo Blues.xml	Tokyo Blues	Horace Silver	
461	dataset/xml/Tonight I Shall Sleep.xml	Tonight I Shall Sleep	Ellington-Mercer	
462	dataset/xml/Tonight You Belong To Me.xml	Tonight You Belong To Me	Rose-David	1926
463	dataset/xml/Tonight.xml	Tonight	Bernstein-Sondheim	1957
464	dataset/xml/Too Marvelous For Words.xml	Too Marvelous For Words	Richard Whiting	1937
465	dataset/xml/Too Young To Go Steady.xml	Too Young To Go Steady	Jimmy McHugh	
466	dataset/xml/Toy Tune.xml	Toy Tune	Wayne Shorter	
467	dataset/xml/Toys.xml	Toys	Herbie Hancock	
468	dataset/xml/Training.xml	Training	Michel Petrucciani	
469	dataset/xml/Travels.xml	Travels	Pat Metheny	
470	dataset/xml/Tricotism.xml	Tricotism	Oscar Pettiford	
471	dataset/xml/Trinkle Tinkle.xml	Trinkle Tinkle	Thelonious Monk	1952
472	dataset/xml/Troubled Waters.xml	Troubled Waters	Arthur Johnston	
473	dataset/xml/Try A Little Tenderness.xml	Try A Little Tenderness	Harry Woods	1932
474	dataset/xml/Two For The Road.xml	Two For The Road	Henry Mancini	1967
475	dataset/xml/Two Not One.xml	Two Not One	Lennie Tristano	
476	dataset/xml/Two Sleepy People.xml	Two Sleepy People	Hoagy Carmichael	1938
477	dataset/xml/Ugly Beauty.xml	Ugly Beauty	Thelonious Monk	1967
478	dataset/xml/Undecided.xml	Undecided	Charlie Shavers	1938
479	dataset/xml/Under A Blanket Of Blue.xml	Under A Blanket Of Blue	Jerry Livingston	1933
480	dataset/xml/Unit Seven.xml	Unit Seven	Sam Jones	
481	dataset/xml/United.xml	United	Wayne Shorter	
482	dataset/xml/Unrequited.xml	Unrequited	Brad Mehldau	
483	dataset/xml/Up With The Lark.xml	Up With The Lark	Jerome Kern	1946
484	dataset/xml/Voyage.xml	Voyage	Kenny Barron	
485	dataset/xml/Walk Tall.xml	Walk Tall	Cannonball Adderley	1960
486	dataset/xml/Walkin' up.xml	Walkin' up	Bill Evans	1962
487	dataset/xml/Walkin'.xml	Walkin'	Miles Davis	
488	dataset/xml/Wayne's Thang.xml	Wayne's Thang	Kenny Garrett	
489	dataset/xml/We See.xml	We See	Thelonious Monk	1954
490	dataset/xml/We Will Meet Again.xml	We Will Meet Again	Bill Evans	1977
491	dataset/xml/What A Little Moonlight Can Do.xml	What A Little Moonlight Can Do	Harry Woods	1934
492	dataset/xml/What Are You Doing New Years.xml	What Are You Doing New Years	Frank Loesser	1947
493	dataset/xml/What Are You Doing The Rest Of Your Life.xml	What Are You Doing The Rest Of Your Life	Michel Legrand	1969
494	dataset/xml/What Is This Thing Called Love.xml	What Is This Thing Called Love	Cole Porter	1929
495	dataset/xml/When It Rains.xml	When It Rains	Brad Mehldau	
496	dataset/xml/When It's Sleepy Time Down South.xml	When It's Sleepy Time Down South	Traditional	
497	dataset/xml/When The Saints Go Marching In.xml	When The Saints Go Marching In	Traditional	
499	dataset/xml/When You're Smilin'.xml	When You're Smilin'	Shay - Fisher - Goodwin	1928
500	dataset/xml/Where Are You.xml	Where Are You	Jimmy McHugh	1937
501	dataset/xml/Who Cares.xml	Who Cares	George Gershwin	1931
502	dataset/xml/Who's Sorry Now.xml	Who's Sorry Now	Snyder-Kalmar-Ruby	1923
503	dataset/xml/With The Wind And The Rain In Hair.xml	With The Wind And The Rain In Hair	Clare Edwards	
504	dataset/xml/Worth The Wait.xml	Worth The Wait	Peter Erskine	
505	dataset/xml/Yesterday's Gardenias.xml	Yesterday's Gardenias	Robertson Mysels	
506	dataset/xml/You And The Night And The Music.xml	You And The Night And The Music	Arthur Schwartz	1934
507	dataset/xml/You Do Something To Me.xml	You Do Something To Me	Cole Porter	1929
508	dataset/xml/You Go To My Head.xml	You Go To My Head	Fred Coots	1938
509	dataset/xml/You Keep Coming Back Like A Song.xml	You Keep Coming Back Like A Song	Irving Berlin	1946
510	dataset/xml/You Make Me Feel So Young.xml	You Make Me Feel So Young	Josef Myrow	1946
511	dataset/xml/You Must Believe In Spring.xml	You Must Believe In Spring	Michel Legrand	1967
512	dataset/xml/You Stepped Out Of A Dream.xml	You Stepped Out Of A Dream	Nacio-Herb-Brown	1940
513	dataset/xml/You Turned The Tables on Me.xml	You Turned The Tables on Me	Louis Alter	1947
514	dataset/xml/You Won't Forget Me.xml	You Won't Forget Me	Goell-Spielman	
515	dataset/xml/You're Everything.xml	You're Everything	Chick Corea	
516	dataset/xml/You're Laughing At Me.xml	You're Laughing At Me	Irving Berlin	1937
517	dataset/xml/You're My Thrill.xml	You're My Thrill	Jay Gorney	1933
518	dataset/xml/You're The Top.xml	You're The Top	Cole Porter	1934
519	dataset/xml/Young And Foolish.xml	Young And Foolish	Albert Hague	1954
520	dataset/xml/Zing Went The Strings Of My Heart.xml	Zing Went The Strings Of My Heart	James Hanley	1934
521	dataset/xml/Zingaro (Retrato Em Branco E Preto).xml	Zingaro (Retrato Em Branco E Preto)	Antonio-Carlos Jobim	1965
522	dataset/xml/Zoltan.xml	Zoltan	Woody Shaw	1965
523	dataset/xml2/Amazing Grace.xml	Amazing Grace	Rev. John Newton	1799
524	dataset/xml2/Annivesary Waltz.xml	Annivesary Waltz	Unknown Composer
525	dataset/xml2/At The Cross 1.xml	At The Cross 1	Wilson, Watts	1707
526	dataset/xml2/Barefoot Boy, The.xml	Barefoot Boy, The	Johnny S Black	
527	dataset/xml2/Beale Street Blues.xml	Beale Street Blues	W C Handy	1917
528	dataset/xml2/Beautiful Dreamer.xml	Beautiful Dreamer	Stephen Collins Foster	1864
64	dataset/xml2/Black And Blue (Dixieland Tunes).xml	Black And Blue (Dixieland Tunes)	Fats Waller	1929
529	dataset/xml2/Black Bottom.xml	Black Bottom	Henderson, De Sylva, Brown	
530	dataset/xml2/Blue Tahitian Moon.xml	Blue Tahitian Moon	Unknown Composer	
531	dataset/xml2/Boulevard Of Broken Dreams.xml	Boulevard Of Broken Dreams	Al Dubin, Harry Warren	1933
532	dataset/xml2/C'Est Magnifique.xml	C'Est Magnifique	Cole Albert Porter	1953
533	dataset/xml2/Carry Me Back To Old Virginny.xml	Carry Me Back To Old Virginny	James Allen Bland	1878
534	dataset/xml2/Creole Jazz.xml	Creole Jazz	Claude Luter	
535	dataset/xml2/Darktown Strutters' Ball.xml	Darktown Strutters' Ball	Shelton Brooks	1917
536	dataset/xml2/Do, Lord, Remember Me.xml	Do, Lord, Remember Me	Trad.	
537	dataset/xml2/Eh, La Bas.xml	Eh, La Bas	Trad. Creole Tune	
538	dataset/xml2/Everybody Loves Somebody.xml	Everybody Loves Somebody	Unknown Composer	
539	dataset/xml2/Eyes Of Texas, The.xml	Eyes Of Texas, The	Unknown Composer	
540	dataset/xml2/Flight Of The Foo Birds.xml	Flight Of The Foo Birds	Neal Hefti	
541	dataset/xml2/Float Me Down The River.xml	Float Me Down The River	Armand Hug	
542	dataset/xml2/Forty And Tight.xml	Forty And Tight	Frank Melrose	
543	dataset/xml2/Gal In Calico, A.xml	Gal In Calico, A	Arthur Schwartz  (Composer) Leo Robin (Lyricist)	1946
544	dataset/xml2/Goin' Home.xml	Goin' Home	Ken Colyer	
545	dataset/xml2/Gypsy, The.xml	Gypsy, The	Billy Reid	1945
546	dataset/xml2/He Touched Me.xml	He Touched Me	William J Gaither	1963
547	dataset/xml2/I Go Out Walking After Midnight.xml	I Go Out Walking After Midnight	Unknown Composer	
548	dataset/xml2/I Wonder What's Become Of Sally.xml	I Wonder What's Become Of Sally	Unknown Composer	
549	dataset/xml2/I've Been Working On The Railroad.xml	I've Been Working On The Railroad	Trad.	
550	dataset/xml2/In The Upper Garden 1.xml	In The Upper Garden 1	Charles Austin Miles	
551	dataset/xml2/In Your Own Sweet Way 2.xml	In Your Own Sweet Way 2	Dave Brubeck	
552	dataset/xml2/Indian Red.xml	Indian Red	Wild Tchoupitoulas	
553	dataset/xml2/It Shouldn't Happen To A Dream.xml	It Shouldn't Happen To A Dream	Duke Ellington	
554	dataset/xml2/Jesus On The Mainline.xml	Jesus On The Mainline	Trad.	
555	dataset/xml2/Jive At Five.xml	Jive At Five	Harry Edison, William Basie	
556	dataset/xml2/Jubilee.xml	Jubilee	Hoagy Carmichael, Stanley Adams	
557	dataset/xml2/Just A Little While To Stay Here.xml	Just A Little While To Stay Here	Eugene M Bartlett	
558	dataset/xml2/Just Forget.xml	Just Forget	Unknown Composer	
559	dataset/xml2/Last Mile Of The Way, The.xml	Last Mile Of The Way, The	Johnny Marks, M Oatman	
560	dataset/xml2/Last Night On The Back Porch.xml	Last Night On The Back Porch	Lew Brown, Carl Schraubstader	
561	dataset/xml2/Lead Me, Saviour.xml	Lead Me, Saviour	Traditional	
562	dataset/xml2/Let The World Keep On Turning.xml	Let The World Keep On Turning	Unknown Composer	
563	dataset/xml2/Lord, Lord, Lord You've Sure Been Good To Me 1.xml	Lord, Lord, Lord You've Sure Been Good To Me 1	Traditional	
564	dataset/xml2/Louise.xml	Louise	Richard A. Whiting, Leo Robin	
565	dataset/xml2/Mack The Knife 1.xml	Mack The Knife 1	Weill, Brecht	
566	dataset/xml2/Magnolia's Wedding Day.xml	Magnolia's Wedding Day	Jimmy McHugh, Dorothy Fields	
567	dataset/xml2/Mama Don't Allow.xml	Mama Don't Allow	Trad.	
568	dataset/xml2/Mardi Gras Parade.xml	Mardi Gras Parade	Joseph Mares	
569	dataset/xml2/Marie (Dixieland Tunes).xml	Marie (Dixieland Tunes)	Irving Berlin	1929
570	dataset/xml2/Mary Wore A Golden Chain.xml	Mary Wore A Golden Chain	Traditional	
571	dataset/xml2/May The Good Lord Bless And Keep You.xml	May The Good Lord Bless And Keep You	Meredith Willson	1950
572	dataset/xml2/New Orleans.xml	New Orleans	Hoagy Carmichael	1932
573	dataset/xml2/Nobody's Sweetheart Now.xml	Nobody's Sweetheart Now	Schoebel, Kahn, Erdman, Meyers	1924
574	dataset/xml2/Over The Waves.xml	Over The Waves	Unknown Composer	
575	dataset/xml2/Pastel.xml	Pastel	Erroll Garner	
576	dataset/xml2/Resta Cu'mme.xml	Resta Cu'mme	Domenico Modugno	
577	dataset/xml2/Rip 'Em Up Joe (Funky Butt Rag).xml	Rip 'Em Up Joe (Funky Butt Rag)	Trad.	
578	dataset/xml2/Rosalie.xml	Rosalie	Cole Porter	1957
579	dataset/xml2/Rose Of The Rio Grande.xml	Rose Of The Rio Grande	Harry Warren, Ross Gorman	
580	dataset/xml2/Salee Dame.xml	Salee Dame	Creole Traditinal	
581	dataset/xml2/Salutation March.xml	Salutation March	Roland Forrest Seitz	
582	dataset/xml2/Same Old Love, The.xml	Same Old Love, The	Dave Fatman Williams	
583	dataset/xml2/Second Line, The.xml	Second Line, The	Paul Barbarin	
584	dataset/xml2/Sing On.xml	Sing On	Traditional	
404	dataset/xml2/Someday (You'll Want Me To Want You).xml	Someday (You'll Want Me To Want You)	Unknown Composer	
585	dataset/xml2/Sometimes My Burden Is So Hard To Bear.xml	Sometimes My Burden Is So Hard To Bear	Georgia Jones	
586	dataset/xml2/Strictly Confidential.xml	Strictly Confidential	Bud Powell	
587	dataset/xml2/Sweet Fields.xml	Sweet Fields	Traditional	
434	dataset/xml2/Sweet Georgia Brown (Dixieland Tunes) (1925).xml	Sweet Georgia Brown (Dixieland Tunes) (1925)	Pinkard-Casey-Bernie	1925
588	dataset/xml2/Thousand Goodnights, A.xml	Thousand Goodnights, A	Walter Donaldson	
589	dataset/xml2/Time On My Hands.xml	Time On My Hands	Vincent Youmans	1930
590	dataset/xml2/Tin Roof Cafe Blues.xml	Tin Roof Cafe Blues	Unknown Composer	
591	dataset/xml2/Tu Si Na Cosa Grande.xml	Tu Si Na Cosa Grande	Domenico Modugno	
592	dataset/xml2/Walking With The King.xml	Walking With The King	Trad.	
593	dataset/xml2/We Shall Walk Through The Valley.xml	We Shall Walk Through The Valley	Undine Smith Moore	
594	dataset/xml2/When I Come To The End Of My Journey.xml	When I Come To The End Of My Journey	Lucie Eddie Campbell	
595	dataset/xml2/When I Move To The Sky (I'm Travellin' With Jesus).xml	When I Move To The Sky (I'm Travellin' With Jesus)	Trad.	
498	dataset/xml2/When The Saints Go Marching In (Dixieland Tunes).xml	When The Saints Go Marching In (Dixieland Tunes)	Traditional	
596	dataset/xml2/Why Don't You Go Down To New Orleans.xml	Why Don't You Go Down To New Orleans	Trad.	
597	dataset/xml2/Why Was I Born.xml	Why Was I Born	Oscar Hammerstein/Jerome Kern	1929
598	dataset/xml2/Wolverine Blues.xml	Wolverine Blues	Unknown Composer	
599	dataset/xml2/Wonder Why.xml	Wonder Why	Nicholas Brodsky	1951
600	dataset/xml2/You Were Only Fooling.xml	You Were Only Fooling	Unknown Composer	
601	dataset/xml2/You're Lucky To Me.xml	You're Lucky To Me	Unknown Composer	
